LG_Berlin_16_O_193-11_Kart;freq;simple;manuel;comment
13 AbsÂ 2 GmbHG;1;13abs2gmbhg;13 Abs 2 GmbHG;
133 UmwG;2;133umwg;133 UmwG;
167 ZPO;1;167zpo;167 ZPO;
199 BGB;1;199bgb;199 BGB;
304 ZPO;1;304zpo;304 ZPO;
31 BGB;1;31bgb;31 BGB;
33 AbsÂ 1 und 3 GWB;1;33abs1und3gwb;33 Abs 1 und 3 GWB;
33 AbsÂ 1 und AbsÂ 3 GWB;1;33abs1undabs3gwb;33 Abs 1 GWB iVm 33 Abs 3 GWB;
33 AbsÂ 4 GWB;6;33abs4gwb;33 Abs 4 GWB;
33 AbsÂ 4 SÂ 1 GWB;1;33abs4s1gwb;33 Abs 4 GWB;
33 GWB;1;33gwb;33 GWB;
690 AbsÂ 1 NrÂ 3 ZPO;1;690abs1nr3zpo;690 Abs 1 ZPO;
709 ZPO;1;709zpo;709 ZPO;
823 AbsÂ 2 BGB;3;823abs2bgb;823 Abs 2 BGB;
823 BGB;3;823bgb;823 BGB;
831 BGB;1;831bgb;831 BGB;
840 BGB;1;840bgb;840 BGB;
91 ZPO;1;91zpo;91 ZPO;
BGH NJW 2001 305;1;bghnjw2001305;BGH NJW 2001 305;
BGH NJW 2001 3622;1;bghnjw20013622;BGH NJW 2001 3622;
BGH NJW 2006 163;1;bghnjw2006163;BGH NJW 2006 163;
BGH NJW 2008 3498;1;bghnjw20083498;BGH NJW 2008 3498;
BGH NZG 2004 1107;1;bghnzg20041107;BGH NZG 2004 1107;
BGHZ 140 156 158;1;bghz140156158;BGHZ 140 156 158;
C50111 P;1;c50111p;C50111 P;
EuGH 10 09 2009 C9708 P;1;eugh10092009c9708p;EuGH 10 09 2009 C9708 P;
EuGH 20 09 2001 C45399;1;eugh20092001c45399;EuGH 20 09 2001 C45399;
GRUR 2002 367;1;grur2002367;GRUR 2002 367;
KZR 2108;1;kzr2108;KZR 2108;
NJW 1987 2008 2009;1;njw198720082009;NJW 1987 2008 2009;
NJW 1990 3151 3152;1;njw199031513152;NJW 1990 3151 3152;
NJWRR 2010 618;1;njwrr2010618;NJWRR 2010 618;
OLG Duesseldorf 1 Kartellsenat 29 08 2018 VIU Kart 1217;1;olgduesseldorf1kartellsenat29082018viukart1217;OLG DU 1 KS 29 08 2018 VIU Kart 1217;
OLG Duesseldorf 2 Zivilsenat 29 08 2018 VIU Kart 1117;1;olgduesseldorf2zivilsenat29082018viukart1117;OLG DU 2 ZS 29 08 2018 VIU Kart 1117;
Rene Galle NZKartÂ 2016 214220Â Aufsatz;1;renegallenzkart2016214220aufsatz;Galle2016Article;
Roth Â 33a GWB Schadensersatzpflicht VI Der Anspruch auf Schadensersatz 3: Kausalitaet 3 Haftungsbegruendende und haftungsausfuellende Kausalitaet Â 286 287 ZPO;1;roth33agwbschadensersatzpflichtvideranspruchaufschadensersatz3:kausalitaet3haftungsbegruendendeundhaftungsausfuellendekausalitaet286287zpo;Roth2018Commentary;
Stephan Wachs WuWÂ 2017 28Â Aufsatz;1;stephanwachswuw201728aufsatz;Wachs2017Article;
