LG_DuÌˆsseldorf_14d__Zivilkammer_14d_O_4-14;freq;simple;manuel;comment
1 GWB 26081998;1;1gwb26081998;1 GWB;The date was to much and deleted 26081998
101 AbsÂ 1 ZPO;1;101abs1zpo;101 Abs 1 ZPO;
130 AbsÂ 2 GWB;4;130abs2gwb;130 Abs 2 GWB;
130 AbsÂ 2 ZPO;1;130abs2zpo;130 Abs 2 ZPO;
131 GWB;1;131gwb;131 GWB;
142 AbsÂ 1 SÂ 1 ZPO;2;142abs1s1zpo;142 Abs 1 ZPO;
142 ZPO;2;142zpo;142 ZPO;
17 AbsÂ 1 ZPO;1;17abs1zpo;17 Abs 1 ZPO;
20 AbsÂ 1 GWB;1;20abs1gwb;20 Abs 1 GWB;
286 AbsÂ 1 ZPO;3;286abs1zpo;286 Abs 1 ZPO;
286 ZPO;3;286zpo;286 ZPO;
287 AbsÂ 1 ZPO;3;287abs1zpo;287 Abs 1 ZPO;
287 ZPO;1;287zpo;287 ZPO;
33 AbsÂ 1 GWB;2;33abs1gwb;33 Abs 1 GWB;
33 AbsÂ 4 GWB;5;33abs4gwb;33 Abs 4 GWB;
33 GWB;3;33gwb;33 GWB;
398 BGB;2;398bgb;398 BGB;
709 SÂ 1 SÂ 2 ZPO;1;709s1s2zpo;709 ZPO;
823 AbsÂ 1 BGB;1;823abs1bgb;823 Abs 1 BGB;
823 AbsÂ 2 BGB;4;823abs2bgb;823 Abs 2 BGB;
86 AbsÂ 1 VVG;1;86abs1vvg;86 Abs 1 VVG;
89 GWB;1;89gwb;89 GWB;
Andreas Gruenwald Jens Hackl NZKartÂ 2016 112116Â Aufsatz;1;andreasgruenwaldjenshacklnzkart2016112116aufsatz;Gruenwald2016Article;
ArtÂ 40 AbsÂ 1 SÂ 1 EGBGB;1;art40abs1s1egbgb;40 Abs 1 EGBGB;
ArtÂ 40 AbsÂ 1 SÂ 2 EGBGB;1;art40abs1s2egbgb;40 Abs 1 EGBGB;
ArtÂ 40 f EGBGB;2;art40fegbgb;40f EGBGB;
ArtÂ 41 AbsÂ 1 EGBGB;1;art41abs1egbgb;41 Abs 1 EGBGB;
BGH 04112003 VI ZR 2803;1;bgh04112003vizr2803;BGH 04112003 VI ZR 2803;
BGH 05021998 I ZR 21195;1;bgh05021998izr21195;BGH 05021998 I ZR 21195;
BGH 10022015 VI ZR 34313;1;bgh10022015vizr34313;BGH 10022015 VI ZR 34313;
BGH 12051998 KZR 2396;1;bgh12051998kzr2396;BGH 12051998 KZR 2396;
BGH 15111990 I ZR 2289;1;bgh15111990izr2289;BGH 15111990 I ZR 2289;
BGH 17021988 IVa ZR 27786;1;bgh17021988ivazr27786;BGH 17021988 IVa ZR 27786;
BGH 18031987 IVa ZR 20585;1;bgh18031987ivazr20585;BGH 18031987 IVa ZR 20585;
BGH 18032004 IX ZR 25500;1;bgh18032004ixzr25500;BGH 18032004 IX ZR 25500;
BGH 28 06 2011 KZR 7510;1;bgh28062011kzr7510;BGH 28 06 2011 KZR 7510;
BGH 28062011 KZR 7510;4;bgh28062011kzr7510;BGH 28062011 KZR 7510;
BGH 29051979 KVR 278;1;bgh29051979kvr278;BGH 29051979 KVR 278;
BGH Kartellsenat 28 06 2011 KZR 7510;1;bghkartellsenat28062011kzr7510;BGH KS 28 06 2011 KZR 7510;
BGHZ 113 11;1;bghz11311;BGHZ 113 11;
C29504;1;c29504;C29504;
C29804;1;c29804;C29804;
EuGH 14022000 C34498;1;eugh14022000c34498;EuGH 14022000 C34498;
EuGH 20092001 C45399;1;eugh20092001c45399;EuGH 20092001 C45399;
EuZW 2006 529;1;euzw2006529;EuZW 2006 529;
EuZW 2012 35;1;euzw201235;EuZW 2012 35;
Fabian Stancke NZKartÂ 2017 636642Â Aufsatz;1;fabianstanckenzkart2017636642aufsatz;Stancke2017Article;
FezerKoos B Kartellkollisionsrecht Schrifttum;1;fezerkoosbkartellkollisionsrechtschrifttum;Fezer2019Commentary;
GRUR 1998 824 827;1;grur1998824827;GRUR 1998 824 827;
GRUR 2004 883;1;grur2004883;GRUR 2004 883;
IPRaxÂ 2017 403406 red Leitsatz und Gruende;1;iprax2017403406redleitsatzundgruende;IPRax 2017 403406;Gerichtsurteil
Kristina Schreiber GRURPraxÂ 2016 91;1;kristinaschreibergrurprax201691;Schreiber2016Article;
LG Mannheim 04052012 7 O 43611;1;lgmannheim040520127o43611;LG MA 04052012 7 O 43611;
LG Mannheim 4 05 2012 7 O 43611;1;lgmannheim40520127o43611;LG MA 4 05 2012 7 O 43611;
NJW 1987 1944;1;njw19871944;NJW 1987 1944;
NJW 1993 3073;1;njw19933073;NJW 1993 3073;
NJW 2004 1521 1522;1;njw200415211522;NJW 2004 1521 1522;
NJW 2010 1072;1;njw20101072;NJW 2010 1072;
NJWRR 1988 789 790;1;njwrr1988789790;NJWRR 1988 789 790;
NJWRR 2011 692;1;njwrr2011692;NJWRR 2011 692;
OLG Duesseldorf 14052008 VI U Kart 1407;1;olgduesseldorf14052008viukart1407;OLG DU 14052008 VI U Kart 1407;
OLG Duesseldorf 29012014 VIU Kart 713;1;olgduesseldorf29012014viukart713;OLG DU 29012014 VIU Kart 713;
OLG Karlsruhe 28012004 6 U 18303;1;olgkarlsruhe280120046u18303;OLG KA 28012004 6 U 18303;
OLG Schleswig 17122010 4 U 17109;1;olgschleswig171220104u17109;OLG SC 17122010 4 U 17109;
PeterAndreas Brand IPRaxÂ 2017 366368;1;peterandreasbrandiprax2017366368;Brand2017Article;
Rene Galle NZKartÂ 2016 214220Â Aufsatz;1;renegallenzkart2016214220aufsatz;Galle2016Article;
So auchÂ LG Mannheim 7 Zivilkammer 4 05 2012 7 O 43611 Kart;1;soauchlgmannheim7zivilkammer40520127o43611kart;LG MA 7 ZK 4 05 2012 7 O 43611 Kart;
Verordnung EG NrÂ 12003;1;verordnungegnr12003;Verordnung EG Nr 12003;
Verordnung EG NrÂ 442001;1;verordnungegnr442001;Verordnung EG Nr 442001;
VI ZR 3309;1;vizr3309;VI ZR 3309;
VO EG NrÂ 8642007;1;voegnr8642007;VO EG Nr 8642007;
XI ZR 11192;1;xizr11192;XI ZR 11192;
ZoellerGreger ZPO 30 Aufl Â 253 Rz 14;1;zoellergregerzpo30aufl253rz14;Zoeller2013Commentary;Commentary