LG_Frankfurt_2-06_O_464-14;freq;simple;manuel;comment
1 des DiskontsatzueberleitungsGesetzes 09061998;2;1desdiskontsatzueberleitungsgesetzes09061998;1 des DiskontsatzueberleitungsGesetzes;Date deleted
1 GWB;6;1gwb;1 GWB;
133 AbsÂ 1 SÂ 1 UmwG;1;133abs1s1umwg;133 Abs 1 UmwG;
138 AbsÂ 3 BGB;1;138abs3bgb;138 Abs 3 BGB;
138 AbsÂ 3 ZPO;2;138abs3zpo;138 Abs 3 ZPO;
138 AbsÂ 4 ZPO;2;138abs4zpo;138 Abs 4 ZPO;
16 O 38413 Kart;5;16o38413kart;16 O 38413 Kart;
19 GWB;1;19gwb;19 GWB;
199 AbsÂ 2 NrÂ 1 BGB;1;199abs2nr1bgb;199 Abs 2 BGB;
199 AbsÂ 2 NrÂ 2 BGB;1;199abs2nr2bgb;199 Abs 2 BGB;
199 AbsÂ 3 SatzÂ 1 NrÂ 1 BGB;1;199abs3satz1nr1bgb;199 Abs 3 BGB;
2 U 1003 Kart;1;2u1003kart;2 U 1003 Kart;
204 AbsÂ 2 SatzÂ 1 BGB;1;204abs2satz1bgb;204 Abs 2 BGB;
244 AbsÂ 3 SÂ 2 StPO;1;244abs3s2stpo;244 Abs 3 StPO;
246 BGB;1;246bgb;246 BGB;
253 AbsÂ 2 NrÂ 2 ZPO;1;253abs2nr2zpo;253 Abs 2 ZPO;
254 BGB;1;254bgb;254 BGB;
256 AbsÂ 1 ZPO;1;256abs1zpo;256 Abs 1 ZPO;
286 AbsÂ 1 SÂ 2;2;286abs1s2;286 Abs 1 BGB iVm 291 BGB;BGB recherchiert
286 AbsÂ 1 SÂ 2 bzw 291 BGB;1;286abs1s2bzw291bgb;286 Abs 1 BGB iVm 291 BGB;
286 AbsÂ 2 NrÂ 4 BGB;1;286abs2nr4bgb;286 Abs 2 BGB;
286 ZPO;1;286zpo;286 ZPO;
287 ZPO;1;287zpo;287 ZPO;
288 AbsÂ 1 BGB;1;288abs1bgb;288 Abs 1 BGB;
288 AbsÂ 1 bzw 291 BGB;2;288abs1bzw291bgb;288 Abs 1 BGB iVm 291 BGB;
288 AbsÂ 1 SÂ 1 BGB;2;288abs1s1bgb;288 Abs 1 BGB;
288 AbsÂ 1 SatzÂ 2 BGB;1;288abs1satz2bgb;288 Abs 1 BGB;
288 AbsÂ 2 BGB;3;288abs2bgb;288 Abs 2 BGB;
288 BGB;1;288bgb;288 BGB;
289 SÂ 1 BGB;1;289s1bgb;289 BGB;
296 a SÂ 1 ZPO;2;296as1zpo;296 a ZPO;
296 a ZPO;3;296azpo;296 a ZPO;
298 StGB;7;298stgb;298 StGB;
33 AbsÂ 1 SÂ 3 GWB;1;33abs1s3gwb;33 Abs 1 GWB;
33 AbsÂ 3 GWB;1;33abs3gwb;33 Abs 3 GWB;
33 AbsÂ 3 SÂ 1 GWB;1;33abs3s1gwb;33 Abs 3 GWB;
33 AbsÂ 3 SÂ 1 iVm AbsÂ 1 GWB;2;33abs3s1ivmabs1gwb;33 Abs 3 GWB iVm 33 Abs 1 GWB;
33 AbsÂ 3 SÂ 3 und 4 GWB;1;33abs3s3und4gwb;33 Abs 3 GWB;
33 AbsÂ 3 SÂ 4 GWB;1;33abs3s4gwb;33 Abs 3 GWB;
33 AbsÂ 3 SÂ 5 GWB;3;33abs3s5gwb;33 Abs 3 GWB;
33 AbsÂ 4 SÂ 1 GWB;2;33abs4s1gwb;33 Abs 4 GWB;
33 AbsÂ 5 GWB;4;33abs5gwb;33 Abs 5 GWB;
33 AbsÂ 5 SÂ 1 GWB;1;33abs5s1gwb;33 Abs 5 GWB;
33 AbsÂ 5 SatzÂ 2 GWB;1;33abs5satz2gwb;33 Abs 5 GWB;
33 GWB;3;33gwb;33 GWB;
353 HGB;2;353hgb;353 HGB;
6 U 18303;1;6u18303;6 U 18303;
618 AbsÂ 3 BGB;1;618abs3bgb;618 Abs 3 BGB;
7 O 11114;1;7o11114;7 O 11114;
709 SÂ 1 und 2 ZPO;1;709s1und2zpo;709 ZPO;
823 AbsÂ 2 BGB;7;823abs2bgb;823 Abs 2 BGB;
840 BGB;2;840bgb;840 BGB;
844 AbsÂ 2 SatzÂ 1;1;844abs2satz1;844 Abs 2 BGB;BGB recherchiert
849 BGB;2;849bgb;849 BGB;
ArtÂ 169 AbsÂ 1 EGBGB;1;art169abs1egbgb;169 Abs 1 EGBGB;
C29504;2;c29504;C29504;
C29804;2;c29804;C29804;
C45399;1;c45399;C45399;
Erman BGB 14 Aufl 2014 Â 199 Rn 8;1;ermanbgb14aufl2014199rn8;Erman2014Commentary;
GRUR 2004 883 885;1;grur2004883885;GRUR 2004 883 885;
GRUR 2010 501;1;grur2010501;GRUR 2010 501;
I ZB 10914;1;izb10914;I ZB 10914;
I ZR 18999;1;izr18999;I ZR 18999;
I ZR 20911;1;izr20911;I ZR 20911;
I ZR 27700;1;izr27700;I ZR 27700;
II ZR 8713;2;iizr8713;II ZR 8713;
IX ZR 4392;4;ixzr4392;IX ZR 4392;
KZR 1281;1;kzr1281;KZR 1281;
KZR 5811;2;kzr5811;KZR 5811;
KZR 7510;3;kzr7510;KZR 7510;
NJW 2014 1479 1480;1;njw201414791480;NJW 2014 1479 1480;
V ZR 38798;1;vzr38798;V ZR 38798;
V ZR 4766;1;vzr4766;V ZR 4766;
VI ZR 10912;1;vizr10912;VI ZR 10912;
VI ZR 8304;1;vizr8304;VI ZR 8304;
VII ZR 1209;2;viizr1209;VII ZR 1209;
VII ZR 14379;1;viizr14379;VII ZR 14379;
VIII ZR 28178;1;viiizr28178;VIII ZR 28178;
VIII ZR 395;1;viiizr395;VIII ZR 395;
VO EG NrÂ 12003;1;voegnr12003;VO EG Nr 12003;
XI ZR 26210;1;xizr26210;XI ZR 26210;
XI ZR 4899;1;xizr4899;XI ZR 4899;
Zoeller ZPO 31 Aufl 2016 Â 304 Rn 13;1;zoellerzpo31aufl2016304rn13;Zoeller2016Commentary;