LG_KoÌˆln_88_O_1-11;freq;simple;manuel;comment
123 AbsÂ 2 UmwG;1;123abs2umwg;123 Abs 2 UmwG;
131 AbsÂ 1 NrÂ 1 UmwG;2;131abs1nr1umwg;131 Abs 1 UmwG;
195 BGB;1;195bgb;195 BGB;
199 AbsÂ 1 BGB;1;199abs1bgb;199 Abs 1 BGB;
24 AbsÂ 1 TKG;1;24abs1tkg;24 Abs 1 TKG;
24 AbsÂ 2 TKG;1;24abs2tkg;24 Abs 2 TKG;
24 TKG;1;24tkg;24 TKG;
25 AbsÂ 1 TKG;2;25abs1tkg;25 Abs 1 TKG;
254 BGB;1;254bgb;254 BGB;
27 AbsÂ 2 TKG;1;27abs2tkg;27 Abs 2 TKG;
27 AbsÂ 3 TKG;1;27abs3tkg;27 Abs 3 TKG;
287 ZPO;1;287zpo;287 ZPO;
29 AbsÂ 1 TKG;1;29abs1tkg;29 Abs 1 TKG;
30 TKG;1;30tkg;30 TKG;
301 ZPO;1;301zpo;301 ZPO;
304 ZPO;1;304zpo;304 ZPO;
31 BGB;2;31bgb;31 BGB;
33 AbsÂ 1 GWB;1;33abs1gwb;33 Abs 1 GWB;
33 Abs 4 GWB;1;33abs4gwb;33 Abs 4 GWB;
33 AbsÂ 4 GWB;10;33abs4gwb;33 Abs 4 GWB;
33 AbsÂ 5 GWB;9;33abs5gwb;33 Abs 5 GWB;
33 GWB;3;33gwb;33 GWB;
4 AbsÂ 1 und 2 TEntgV;1;4abs1und2tentgv;4 Abs 1 TEntgV iVm 4 Abs 2 TEntgV;
5 AbsÂ 3 TEntgV;1;5abs3tentgv;5 Abs 3 TEntgV;
5 der TelekommunikationsEntgeltregulierungsverordnung 1 10 1996;1;5dertelekommunikationsentgeltregulierungsverordnung1101996;5 TEntgV;in der Fassung von 1 10 1996
5 GWB;1;5gwb;5 GWB;
823 AbsÂ 2 BGB;6;823abs2bgb;823 Abs 2 BGB;
831 BGB;1;831bgb;831 BGB;
852 BGB;4;852bgb;852 BGB;
ArtÂ 229 Â 6 SatzÂ 2 EGBGB;1;art2296satz2egbgb;229 EGBGB;
BGH NJW 2008 2576;1;bghnjw20082576;BGH NJW 2008 2576;
BGHZ 39 283;1;bghz39283;BGHZ 39 283;
BTDrucks 153640;1;btdrucks153640;BTDrucks 153640;
C23489;1;c23489;C23489;
C29504;1;c29504;C29504;
C34498;1;c34498;C34498;
CRÂ 2013 297302 red Leitsatz und Gruende;1;cr2013297302redleitsatzundgruende;CR 2013 297302;Rechtsprechung
Entscheidung 2003707EG;1;entscheidung2003707eg;Entscheidung 2003707EG;
Kapitel 12 Energiekartellrecht G Zu den Folgen von KartellverstoeÃƒÂŸen: Was passiert bei VerstoeÃƒÂŸen gegen das Kartellrecht?;1;kapitel12energiekartellrechtgzudenfolgenvonkartellverstoeÃ£ÂŸen:waspassiertbeiverstoeÃ£ÂŸengegendaskartellrecht?;Zenke2015Article;
NJWRR 1991 599;1;njwrr1991599;NJWRR 1991 599;
VO EG NrÂ 12003;1;voegnr12003;VO EG Nr 12003;