LG_MuÌˆnchen_I_37_O_24526-14;freq;simple;manuel;comment
1 des DiskontsatzueberleitungsGesetzes 09061998;1;1desdiskontsatzueberleitungsgesetzes09061998;1 DÜG;
1 GWB;4;1gwb;1 GWB;
133 AbsÂ 1 SÂ 1 UmwG;1;133abs1s1umwg;133 Abs 1 UmwG;
199 AbsÂ 1 BGB;1;199abs1bgb;199 Abs 1 BGB;
199 AbsÂ 3 BGB;1;199abs3bgb;199 Abs 3 BGB;
253 AbsÂ 2 NrÂ 2 ZPO;1;253abs2nr2zpo;253 Abs 2 ZPO;
254 BGB;1;254bgb;254 BGB;
286 ZPO;1;286zpo;286 ZPO;
287 ZPO;1;287zpo;287 ZPO;
288 AbsÂ 1 SÂ 1 BGB;1;288abs1s1bgb;288 Abs 1 BGB;
301 ZPO;1;301zpo;301 ZPO;
304 AbsÂ 1 ZPO;1;304abs1zpo;304 Abs 1 ZPO;
304 ZPO;1;304zpo;304 ZPO;
33 AbsÂ 1 GWB;6;33abs1gwb;33 Abs 1 GWB;
33 AbsÂ 1 SÂ 1 GWB;2;33abs1s1gwb;33 Abs 1 GWB;
33 AbsÂ 3 SÂ 1 GWB;4;33abs3s1gwb;33 Abs 3 GWB;
33 AbsÂ 4 GWB;1;33abs4gwb;33 Abs 4 GWB;
33 AbsÂ 5 GWB;3;33abs5gwb;33 Abs 5 GWB;
33 AbsÂ 5 SÂ 1 NrÂ 1 GWB;1;33abs5s1nr1gwb;33 Abs 5 GWB;
4 GWB;2;4gwb;4 GWB;
425 ZPO;1;425zpo;425 ZPO;
840 AbsÂ 1 BGB;1;840abs1bgb;840 Abs 1 BGB;
Anna Lesinska IRÂ 2016 258259;1;annalesinskair2016258259;Lesinska2016Article;
BGH 28 06 2005 Az: KRB 205;1;bgh28062005az:krb205;BGH 28 06 2005 Az: KRB 205;
BGH ORWI 28062011 Az: KZR 7510;1;bghorwi28062011az:kzr7510;BGH ORWI 28062011 Az: KZR 7510;
BGH ORWI 28062011 KZR 7510;2;bghorwi28062011kzr7510;BGH ORWI 28062011 KZR 7510;
KG Berlin 01 10 2009 Az: 2 U 1703 Kart;2;kgberlin01102009az:2u1703kart;KG BE 01 10 2009 Az: 2 U 1703 Kart;
LG Duesseldorf 19 11 2015 Az: 14d O 414;1;lgduesseldorf19112015az:14do414;LG DU 19 11 2015 Az: 14d O 414;
LG Hannover 05072016 Az: 18 O 40514;1;lghannover05072016az:18o40514;LG HA 05072016 Az: 18 O 40514;
nachgehendÂ OLG Muenchen Kartellsenat 8 03 2018 U 349716 Kart;1;nachgehendolgmuenchenkartellsenat8032018u349716kart;OLG MU KS 8 03 2018 U 349716 Kart;
OLG Muenchen 22022008 Az: 10 U 445507;1;olgmuenchen22022008az:10u445507;OLG MU 22022008 Az: 10 U 445507;
Rupert Bellinghausen 07a Grothaus NZKartÂ 2018 116120;1;rupertbellinghausen07agrothausnzkart2018116120;Bellinghausen2018Article;
Zoeller ZPO 31 Aufl Â 304 Rn 1;1;zoellerzpo31aufl304rn1;Zoeller2016Article;31st edition