LG_Stuttgart_41_O_39-12_KfH;freq;simple;manuel;comment
269 AbsÂ 2 SatzÂ 4 ZPO;1;269abs2satz4zpo;269 Abs 2 ZPO;
269 ZPO;2;269zpo;269 ZPO;
281 AbsÂ 3 ZPO;1;281abs3zpo;281 Abs 3 ZPO;
286 ZPO;1;286zpo;286 ZPO;
287 ZPO;4;287zpo;287 ZPO;
33 AbsÂ 3 SatzÂ 4 GWB;1;33abs3satz4gwb;33 Abs 3 GWB;
711 ZPO;1;711zpo;711 ZPO;
BGH NJW 1992 2753;1;bghnjw19922753;BGH NJW 1992 2753;
BGH NJW 1996 775;1;bghnjw1996775;BGH NJW 1996 775;
BGH NJW 2006 163;1;bghnjw2006163;BGH NJW 2006 163;
BGH NJWRR 1987 1019;1;bghnjwrr19871019;BGH NJWRR 1987 1019;
BGH NJWRR 1992 1077;1;bghnjwrr19921077;BGH NJWRR 1992 1077;
BGH NJWRR 1998 331;1;bghnjwrr1998331;BGH NJWRR 1998 331;
BGH NJWRR 2003 1569;1;bghnjwrr20031569;BGH NJWRR 2003 1569;
BGH NJWRR 2004 1023;1;bghnjwrr20041023;BGH NJWRR 2004 1023;
LG Dortmund 8 Zivilkammer 28 06 2017 8 O 2516 Kart;1;lgdortmund8zivilkammer280620178o2516kart;LG DO 8 ZK 28 06 2017 8 O 2516 Kart;
